{"cameraMode":{"drawMode":0,"name":"Shaded","section":"Shading Mode"},"sceneLighting":true,"audioPlay":false,"sceneViewState":{"showFog":true,"showMaterialUpdate":false,"showSkybox":true,"showFlares":true,"showImageEffects":true,"showParticleSystems":true},"in2DMode":false,"pivot":{"x":4.069363117218018,"y":3.5025062561035158,"z":1.9481292963027955},"rotation":{"x":-0.2234160602092743,"y":0.4218769073486328,"z":-0.10808686167001724,"w":-0.8720213174819946},"size":3.9073946475982668,"orthographic":false}